State,Year,Baby Food,Bread & Cereal Products,Confectionery & Snacks,Convenience Food,Dairy Products & Eggs,Fish & Seafood,Fruits & Nuts,Meat,Oils & Fats,Pet Food,Sauces & Spices,Spreads & Sweeteners,Vegetables,Total,ARPC = Average revenue per capita,ARPC Baby food,ARPC Bread & Cereal Products,ARPC Confectionery & Snacks,ARPC Convenience Food,ARPC Dairy Products & Eggs,ARPC Fish & Seafood,ARPC Fruits & Nuts,ARPC Meat,ARPC Oils & Fats,ARPC Pet Food,ARPC Sauces & Spices,ARPC Spreads & Sweeteners,ARPC Vegetables,ARPC total,PPU = Price per unit,PPU Baby food,PPU Bread & Cereal Products,PPU Confectionery & Snacks,PPU Convenience Food,PPU Dairy Products & Eggs,PPU Fish & Seafood,PPU Fruits & Nuts,PPU Meat,PPU Oils & Fats,PPU Pet Food,PPU Sauces & Spices,PPU Spreads & Sweeteners,PPU Vegetables,PPU Average,Health outcomes,Obesity,Diabetes,Inactivity,Heart Disease,Life Expectancy,Degree,Income,Tobacco
Alabama,2021,1.58,42.14,72.3,17.7,99.3,2.79,49.25,42.76,13.14,38.14,12.51,12.2,58.78,462.6,,16.40,149.80,649.30,125.00,191.60,69.31,169.80,387.30,37.84,120.70,72.29,31.06,179.50,2200.00,,10.40,3.56,8.98,7.07,1.93,24.85,3.45,9.06,2.88,3.17,5.78,2.55,3.05,4.76,,36.1,14.5,29.3,247.5,75.55,37.71,50054,17.2
Alabama,2022,1.58,41.15,71.71,17.52,97.94,2.55,47.8,43.2,11.66,43.06,12.68,11.32,58.77,460.9,,17.55,159.20,703.50,132.20,209.70,73.27,181.90,443.30,39.39,145.80,78.41,31.80,200.70,2417.00,,11.13,3.87,9.81,7.55,2.14,28.76,3.81,10.26,3.38,3.39,6.19,2.81,3.42,5.24,,36.3,12.2,30.8,234.2,74.84,38.44,50920,15.6
Alabama,2023,1.56,42,72.13,17.59,99.03,2.68,47.77,43.81,12.37,45.03,12.7,12.38,58.89,467.9,,17.82,166.10,723.00,136.90,216.80,78.74,187.60,463.30,42.16,156.70,80.72,34.12,205.70,2510.00,,11.43,3.96,10.02,7.78,2.19,29.41,3.93,10.58,3.41,3.48,6.36,2.76,3.49,5.36,,39.3,13.0,27.8,,74.84,39.2,53175,
Alaska,2021,1.42,45.33,77.76,17.26,131.7,2.97,39.23,45.6,10.01,34.25,11.24,8.06,39.02,463.9,,14.77,166.30,720.80,133.00,267.00,74.60,210.20,416.80,42.60,108.70,65.09,26.68,226.40,2473.00,,10.43,3.67,9.27,7.71,2.03,25.08,5.36,9.14,3.71,3.17,5.79,3.31,5.80,5.33,,31.9,8.3,19.3,154.7,79.03,40.58,65596,17.1
Alaska,2022,1.38,44.7,77.9,17.3,134,2.71,37.39,45.91,9.27,37.54,11.05,7.61,37.23,464,,15.18,176.50,780.00,137.60,286.10,73.52,223.60,444.80,41.43,126.20,67.84,27.54,243.90,2644.00,,11.04,3.95,10.01,7.95,2.13,27.16,5.98,9.69,4.02,3.36,6.14,3.62,6.55,5.70,,30.7,7.1,21.6,145.7,78.62,40.73,68664,15.9
Alaska,2023,1.35,45.37,77.91,17.37,134.1,2.83,36.9,46.25,9.76,38.88,10.96,8.3,36.87,466.8,,15.31,182.70,795.30,141.80,294.10,77.99,227.90,459.00,43.79,134.70,69.37,29.60,247.10,2719.00,,11.38,4.03,10.21,8.16,2.19,27.59,6.18,9.92,4.07,3.46,6.33,3.57,6.70,5.82,,31.8,7.4,21.1,,78.62,40.91,71616,
Arizona,2021,1.66,42.08,72.18,13.57,105.8,2.93,40.22,44.92,8.38,40.13,13.17,6.03,69.35,460.4,,14.84,147.60,639.70,101.20,199.00,60.51,176.60,338.10,31.10,109.30,65.43,19.77,187.20,2090.00,,8.95,3.51,8.86,7.46,1.88,20.65,4.39,7.53,2.87,2.72,4.97,3.28,2.70,4.54,,27.9,9.6,21.2,158.3,79.99,40.49,56361,13.1
Arizona,2022,1.6,41.38,72.11,13.37,104.7,2.65,39.6,44.96,7.5,43.61,12.84,5.77,68.28,458.4,,15.51,152.80,675.20,112.20,211.10,60.69,190.20,367.20,30.12,129.00,69.33,20.48,200.60,2234.00,,9.72,3.69,9.36,8.39,2.02,22.89,4.80,8.17,3.37,2.96,5.40,3.55,2.94,4.87,,31.9,9.8,23.6,148.5,79.06,42.5,58390,12.7
Arizona,2023,1.59,41.52,71.3,13.29,104.3,2.77,39.63,45.37,7.83,46.06,12.99,6.31,68.87,461.8,,15.73,158.50,690.00,115.20,218.40,64.61,197.10,380.20,31.86,138.30,71.25,22.07,205.70,2309.00,,9.87,3.82,9.68,8.67,2.10,23.30,4.97,8.38,3.37,3.00,5.49,3.50,2.99,5.00,,31.5,9.7,21.6,,79.06,43.9,61652,
Arkansas,2021,1.56,43.66,74.9,16.79,117.4,3,43.98,46.04,13.57,37.76,12.39,13.02,71.19,495.3,,15.99,146.80,636.10,116.60,202.80,70.12,151.60,391.80,38.89,117.70,70.47,32.46,185.40,2177.00,,10.24,3.36,8.49,6.94,1.73,23.35,3.45,8.51,4.46,3.12,5.69,2.49,2.61,4.39,,35.0,13.5,30.4,231,76.05,33.7,51631,21.1
Arkansas,2022,1.48,43.05,75.03,16.48,117.3,2.74,41.53,46.43,12.09,40.48,11.92,12.06,71.7,492.3,,16.72,156.70,692.40,126.70,223.10,69.39,160.70,419.80,40.69,139.00,74.72,33.75,199.30,2353.00,,11.28,3.64,9.23,7.69,1.90,25.34,3.87,9.04,4.77,3.43,6.27,2.80,2.78,4.78,,38.0,12.1,30.4,224.1,75.49,34.85,52604,18.7
Arkansas,2023,1.48,43.92,75.43,16.58,119.2,2.88,41.45,47.17,12.89,42.74,12.05,13.12,71.14,500.1,,17.03,163.60,712.20,131.90,231.30,74.80,163.80,440.20,43.39,149.80,77.15,36.52,205.70,2447.00,,11.51,3.73,9.44,7.96,1.94,25.95,3.95,9.33,4.83,3.50,6.40,2.78,2.89,4.89,,37.2,11.7,28.8,,75.49,35.2,54347,
California,2021,1.19,32.03,54.94,9.66,72.29,1.91,30.22,29.29,5.81,28.79,9.45,4.12,45.29,325,,11.66,122.50,530.70,78.89,170.30,47.36,160.80,264.60,25.91,85.87,51.41,15.72,160.00,1726.00,,9.80,3.82,9.66,8.17,2.36,24.79,5.32,9.03,4.20,2.98,5.44,3.82,3.53,5.31,,24.3,8.8,17.7,147.8,81.68,44.28,76987,8.8
California,2022,1.2,31.57,55.03,9.68,71.33,1.68,30.62,28.47,5.2,32.75,9.64,3.85,44.3,325.3,,12.73,125.30,553.90,84.24,183.10,47.13,171.90,285.20,24.79,105.80,56.88,16.30,169.70,1837.00,,10.61,3.97,10.07,8.70,2.57,28.08,5.61,10.02,4.40,3.23,5.90,4.24,3.83,5.65,,26.2,9.4,22.3,142.4,81.01,45.23,77013,9.7
California,2023,1.22,32.61,56.01,9.89,73.08,1.8,31.02,29.49,5.65,35.25,9.94,4.35,46.04,336.3,,13.26,133.90,582.80,88.45,193.30,51.60,180.10,303.60,27.26,116.60,60.05,18.10,179.20,1948.00,,10.87,4.11,10.41,8.94,2.65,28.63,5.81,10.30,4.40,3.31,6.04,4.17,3.89,5.79,,30.2,9.2,21.1,,81.01,45.92,80423,
Colorado,2021,1.45,45.43,77.93,15.3,115.4,3,40.26,45.93,9.6,35,11.48,7.7,72.68,481.2,,15.60,173.90,753.60,119.50,258.40,72.31,233.00,404.00,40.27,114.90,68.79,26.68,240.60,2522.00,,10.79,3.83,9.67,7.81,2.24,24.14,5.79,8.80,4.21,3.28,5.99,3.47,3.31,5.24,,22.4,6.6,14.8,135.1,80.61,53.47,71920,12
Colorado,2022,1.48,43.76,76.27,14.98,113.2,2.73,38.67,46.28,8.8,40.35,11.88,7.08,71.71,477.2,,16.82,175.50,775.70,124.40,272.80,70.61,243.40,427.20,38.73,139.80,75.15,27.53,253.90,2642.00,,11.38,4.01,10.17,8.30,2.41,25.88,6.30,9.23,4.58,3.46,6.33,3.89,3.54,5.54,,23.6,6.6,18.7,131.4,79.98,54.94,75708,10.7
Colorado,2023,1.48,45.15,77.54,15.15,115,2.91,38.85,47.59,9.45,42.71,12.04,7.87,71.85,487.6,,17.25,184.90,804.90,129.10,285.50,76.15,252.80,448.10,41.55,151.70,78.16,30.06,263.30,2763.00,,11.67,4.10,10.38,8.52,2.48,26.19,6.51,9.42,4.59,3.55,6.49,3.82,3.67,5.67,,24.2,7.0,16.5,,79.98,56.7,78918,
Connecticut,2021,1.14,41.61,71.37,11.98,92.49,2.52,40.03,38.65,9.49,27.61,9.06,6.68,55.52,408.1,,12.99,172.30,746.80,99.95,245.60,68.62,222.10,383.40,39.95,95.61,57.24,22.87,226.80,2394.00,,11.38,4.14,10.46,8.35,2.66,27.22,5.55,9.92,3.86,3.46,6.32,3.42,4.09,5.87,,26.3,9.2,19.9,136.7,80.87,50.72,81131,11.1
Connecticut,2022,1.13,40.73,70.98,11.96,92.35,2.29,40.06,38.83,8.37,30.95,9.11,6.38,55.16,408.3,,13.86,180.80,799.00,108.30,252.00,66.52,228.90,402.40,38.30,115.20,61.92,23.81,239.90,2531.00,,12.23,4.44,11.26,9.05,2.73,29.05,5.71,10.36,4.24,3.72,6.8,3.74,4.35,6.2,,29.1,8.2,23.3,137.8,80.11,51.9,83340,10
Connecticut,2023,1.13,41.48,71.24,12,93.45,2.43,40.07,39.74,8.9,32.51,9.17,7.06,55.34,414.5,,14.17,190.50,829.10,111.80,261.60,71.73,235.80,422.10,40.85,124.60,64.17,26.11,246.30,2639.00,,12.59,4.59,11.64,9.32,2.80,29.53,5.89,10.62,4.26,3.83,7,3.7,4.45,6.37,,29.5,8.2,20.2,,80.11,53.1,87447,
Delaware,2021,1.48,44.81,76.88,15.91,109.9,2.96,48.91,45.31,11.15,35.67,11.71,9.15,60.69,474.5,,16.76,181.00,784.50,125.50,251.10,79.10,225.80,442.00,43.25,123.40,73.88,28.54,221.60,2596.00,,11.37,4.04,10.20,7.89,2.29,26.76,4.62,9.75,3.06,3.46,6.31,3.12,3.65,5.47,,32.4,11.8,27.3,162.7,78.47,44.79,58885,13.4
Delaware,2022,1.42,43.15,75.2,15.81,107.9,2.68,48.7,45.48,9.81,38.8,11.42,8.57,59.68,468.6,,17.53,189.80,838.70,137.20,257.90,79.97,236.00,483.80,43.49,145.70,78.32,29.35,234.70,2772.00,,12.34,4.40,11.15,8.68,2.39,29.82,4.85,10.64,3.63,3.75,6.86,3.42,3.93,5.92,,34.2,10.9,25.3,156.8,78.01,45.68,63177,12.9
Delaware,2023,1.38,43.1,74.01,15.56,107.1,2.8,47.44,45.81,10.26,39.91,11.25,9.28,58.74,466.7,,17.61,195.20,849.80,138.90,262.50,84.93,239.10,499.80,45.97,154.80,79.75,31.47,237.20,2837.00,,12.74,4.53,11.48,8.93,2.45,30.34,5.04,10.91,3.68,3.88,7.09,3.39,4.04,6.08,,36.2,10.5,23.6,,78.01,46.62,65392,
District of Columbia,2021,4.38,129.2,221.6,47.52,306,9.05,144.8,138.7,33.06,105.8,34.72,28.35,190.2,1393,,0.05,0.53,2.3,0.37,0.68,0.23,0.67,1.31,0.12,0.37,0.22,0.09,0.67,7.62,,11.5,4.11,10.39,7.69,2.23,25.81,4.64,9.41,3.72,3.5,6.39,3.08,3.53,5.47,,24.0,8.1,17.4,,79.02,67.66,97462,9.5
District of Columbia,2022,4.21,124.6,217.1,47.31,299.9,8.22,144.3,139.4,29.12,114.9,33.84,26.4,187.4,1377,,0.05,0.56,2.46,0.4,0.72,0.23,0.71,1.37,0.13,0.43,0.23,0.09,0.71,8.09,,12.4,4.47,11.33,8.54,2.41,27.62,4.91,9.85,4.25,3.77,6.89,3.39,3.79,5.88,,27.5,9.8,19.9,182.6,78.04,70.59,96092,10.6
District of Columbia,2023,4.15,126.8,217.8,47.35,302.4,8.69,142.8,142.1,30.98,119.8,33.79,28.94,187,1393,,0.05,0.58,2.54,0.42,0.75,0.24,0.72,1.44,0.14,0.47,0.24,0.1,0.73,8.42,,12.86,4.6,11.66,8.78,2.47,28.16,5.06,10.13,4.28,3.91,7.15,3.36,3.90,6.05,,24.2,8.1,17.2,,78.04,71.87,100909,
Florida,2021,1.32,44.69,76.65,13.05,91.38,2.67,46.32,40.88,10.25,31.84,10.45,8.39,55.7,433.6,,14.37,155.9,675.7,109.1,217.6,68.32,213.7,381.7,39.6,105.8,63.33,25.73,199.7,2270,,10.91,3.49,8.82,8.36,2.38,25.62,4.61,9.34,3.38,3.32,6.06,3.07,3.59,5.24,,27.2,10.8,25.8,151.3,80.17,43.51,63071,
Florida,2022,1.34,47.65,83.05,13.22,91.89,2.49,45.94,42.26,9.39,36.52,10.75,7.99,56.15,448.6,,15.64,163.9,724.3,117.3,241,68.55,227.8,414.8,39.82,130,69.9,28.43,214.6,2456,,11.7,3.44,8.72,8.87,2.62,27.51,4.96,9.82,3.95,3.56,6.50,3.56,3.82,5.47,,26.3,9.4,25.9,140.9,79.69,45.45,64804,11.3
Florida,2023,1.33,48.02,82.47,13.29,92.59,2.64,45.54,43.16,10.07,38.31,10.8,8.83,56.46,453.5,,15.86,171,744.3,121,248.8,73.73,234.2,433.8,42.88,139.5,71.84,30.94,219.9,2548,,11.96,3.56,9.03,9.11,2.69,27.95,5.14,10.05,3.97,3.64,6.65,3.50,3.89,5.62,,28.3,9.5,25.8,,79.69,46.34,68248,
Georgia,2021,1.66,43.59,74.77,16.48,101,2.94,53.61,45.12,13.3,40.06,13.15,11.42,59.28,476.4,,17.46,158.3,686,119.6,198.7,71.42,195.7,399,40.75,128.5,76.96,32.01,196.9,2321,,10.54,3.63,9.18,7.25,1.97,24.27,3.65,8.84,3.64,3.21,5.85,2.80,3.32,4.87,,32.3,12.0,26.4,195.2,77.94,43.63,56172,15
Georgia,2022,1.68,42.48,74.04,16.63,99.5,2.7,53.5,45.86,11.9,45.78,13.48,10.41,59.37,477.3,,18.72,170.1,751.7,129.9,216.4,73.02,210.8,441.8,43.19,155.6,83.64,32.55,210,2537,,11.17,4,10.15,7.81,2.17,27,3.94,9.63,3.92,3.40,6.21,3.13,3.54,5.32,,33.4,11.1,27.4,183.9,77.31,45.12,56588,12.5
Georgia,2023,1.67,43.76,75.15,16.8,101.2,2.87,53.97,47.03,12.76,48.3,13.62,11.42,59.83,488.3,,19.27,179.6,781.7,135.5,228.9,79.41,218.9,467.3,46.94,169.4,87.28,35.77,218.2,2668,,11.52,4.11,10.4,8.07,2.26,27.63,4.06,9.94,3.98,3.51,6.41,3.13,3.65,5.46,,34.3,10.6,24.5,,77.31,46.7,58581,
Hawaii,2021,1,29.92,51.32,5.51,39.03,2.04,31.04,31.31,3.6,24.23,7.95,5.9,17.01,249.9,,11.18,117.6,509.8,86.34,169.1,53.29,154.2,297.7,29.02,82.29,49.27,19.24,155.3,1734,,11.16,3.93,9.93,15.68,4.33,26.10,4.97,9.51,3.43,3.40,6.20,3.26,9.13,6.94,,24.6,11.1,19.6,126.5,82.28,47.08,61481,10.1
Hawaii,2022,0.97,29.24,50.97,5.46,38.58,1.85,30.79,31.39,3.26,26.51,7.81,5.58,16.79,249.2,,11.8,123.8,547,94.14,179.6,52.17,162,315.6,28.18,98.07,52.72,19.89,165.9,1851,,12.15,4.23,10.73,17.24,4.66,28.18,5.26,10.05,3.93,3.70,6.76,3.56,9.88,7.43,,25.5,9.3,23.9,128.4,82.26,48.17,61813,10
Hawaii,2023,0.96,30.03,51.57,5.53,39.15,1.97,30.73,32.25,3.49,27.85,7.85,6.17,16.9,254.5,,12.12,130.4,567.4,97.87,187.1,56.46,167.2,332.3,30.34,106.6,54.91,21.93,171.9,1936,,12.57,4.34,11,17.71,4.78,28.65,5.44,10.30,3.95,3.83,6.99,3.55,10.17,7.61,,25.0,9.4,18.4,,82.26,49.42,65151,
Idaho,2021,1.92,62.2,106.7,22.11,180,3.9,55.07,59.85,11.07,46.47,15.25,9.57,93.95,668,,20.74,228.80,991.70,168.20,359.40,87.10,306.80,486.70,50.56,152.70,91.44,33.63,314.70,3293.00,,10.80,3.68,9.29,7.61,2.00,22.31,5.57,8.13,3.12,3.29,6.00,3.52,3.35,4.93,,29.0,9.3,20.4,166.4,79.44,41.07,54141,13.3
Idaho,2022,1.85,60.08,104.7,21.43,174.6,3.49,52.49,59.15,9.99,50.62,14.9,8.79,89.85,651.9,,21.91,232.00,1025.00,173.40,384.40,85.79,316.60,519.10,47.95,182.10,97.89,34.11,329.60,3450.00,,11.82,3.86,9.79,8.09,2.20,24.60,6.03,8.78,3.62,3.60,6.57,3.88,3.67,5.29,,29.5,9.2,23.3,156.3,79.19,42.03,56615,11.9
Idaho,2023,1.82,61.89,106.3,21.69,176.8,3.72,52.5,60.79,10.7,52.59,14.83,9.77,91.4,664.8,,22.54,245.20,1067.00,180.70,402.10,93.01,329.90,547.30,51.67,198.20,102.10,37.55,343.90,3622.00,,12.39,3.96,10.04,8.33,2.27,25.04,6.28,9.00,3.65,3.77,6.89,3.84,3.76,5.45,,31.3,7.9,19.7,,79.19,43.22,59035,
Illinois,2021,1.26,34.64,59.43,12.54,91.14,2.23,36.42,34.11,8.15,30.43,9.99,6.17,50.65,377.1,,12.92,130.20,564.50,97.43,178.90,52.80,156.80,295.00,30.32,95.14,56.96,19.42,155.60,1846.00,,10.27,3.76,9.50,7.77,1.96,23.73,4.31,8.65,2.72,3.13,5.71,3.15,3.07,4.89,,29.7,9.9,21.6,169.8,79.38,47.79,67258,12
Illinois,2022,1.24,33.13,57.73,12.52,92.75,2.01,36.38,34.03,7.25,33.85,9.97,5.74,50,376.6,,13.81,138.80,613.30,106.40,194.40,52.34,165.40,316.60,30.79,114.80,61.71,19.91,167.00,1995.00,,11.14,4.19,10.62,8.50,2.10,26.08,4.55,9.31,3.22,3.39,6.19,3.47,3.34,5.30,,31.5,10.0,25.1,166.6,78.82,48.79,67653,12.4
Illinois,2023,1.23,34.13,58.61,12.63,93.95,2.15,36.56,35.15,7.81,35.61,10.04,6.36,50.24,384.5,,14.19,146.80,639.20,110.50,203.50,56.83,170.50,334.40,33.41,124.80,64.30,21.87,173.40,2094.00,,11.52,4.30,10.90,8.74,2.17,26.45,4.66,9.51,3.23,3.51,6.40,3.44,3.45,5.45,,32.5,9.3,24.4,,78.82,48.67,70953,
Indiana,2021,1.4,40.03,68.66,15.97,121.6,2.66,40.97,40.76,9.76,33.89,11.12,8.6,69.56,465,,14.63,140.80,610.30,113.50,206.20,62.33,156.00,348.30,33.00,107.70,64.50,23.4,175.2,2056,,10.45,3.52,8.89,7.11,1.70,23.45,3.81,8.55,4.71,3.18,5.80,2.72,2.52,4.42,,33.9,12.1,26.7,191.2,77.11,39.88,56931,17.3
Indiana,2022,1.38,38.77,67.56,15.76,122.5,2.44,39.29,41.33,8.64,37.61,11.07,7.95,70.77,465.1,,15.81,152.90,675.70,118.90,227.50,62.57,168.20,378.50,34.11,131.40,70.64,23.93,188.9,2249,,11.48,3.94,10.00,7.55,1.86,25.67,4.28,9.16,4.97,3.49,6.38,3.01,2.67,4.84,,35.4,11.1,30.6,185,76.51,41.38,58329,16.2
Indiana,2023,1.37,39.87,68.47,15.96,124.2,2.59,39.65,42.3,9.27,39.49,11.14,8.76,69.85,473,,16.25,160.50,698.60,123.90,237.70,67.55,173.60,397.50,36.84,142.90,73.61,26.15,195.2,2350,,11.89,4.03,10.20,7.76,1.91,26.13,4.38,9.40,5.00,3.62,6.61,2.99,2.80,4.97,,37.2,10.5,25.6,,76.51,42.73,60038,
Iowa,2021,1.34,41.33,70.89,17.79,123.2,2.65,37.05,40.61,9.6,32.35,10.61,7.1,70.65,465.2,,13.29,149.00,645.90,135.70,237.40,60.28,168.20,336.80,34.94,97.83,58.57,21.42,181.20,2141.00,,9.94,3.61,9.11,7.63,1.93,22.76,4.54,8.29,3.84,3.02,5.52,3.02,2.56,4.60,,34.3,9.9,22.6,184.9,79.36,45.76,58044,14.6
Iowa,2022,1.3,40.09,69.87,17.61,125.1,2.4,35.72,40.76,8.6,35.55,10.47,6.81,72.57,466.9,,13.21,157.10,694.10,147.90,255.30,60.90,183.20,368.40,33.67,109.80,59.03,22.07,202.40,2307.00,,10.15,3.92,9.94,8.40,2.04,25.33,5.13,9.04,4.43,3.09,5.64,3.24,2.79,4.94,,34.3,9.0,26.1,176.8,78.74,47.13,58329,14.7
Iowa,2023,1.29,41.19,70.74,17.71,124.7,2.52,35.83,41.19,9.07,37.16,10.48,7.47,70.89,470.2,,13.52,164.70,716.70,153.80,265.40,65.18,188.90,383.60,36.09,118.90,61.25,23.87,208.40,2400.00,,10.51,4.00,10.13,8.68,2.13,25.90,5.27,9.31,4.50,3.20,5.85,3.20,2.94,5.11,,37.2,8.9,22.7,,78.74,48.57,60038,
Kansas,2021,1.42,42.22,72.43,16.1,113.1,2.68,38.26,41.1,9.84,34.3,11.25,8.05,71.58,462.4,,13.75,146.60,635.10,119.40,213.00,62.35,170.50,348.40,33.73,101.20,60.61,23.17,189.6,2117,,9.70,3.47,8.77,7.41,1.88,23.26,4.46,8.48,4.51,2.95,5.39,2.88,2.65,4.58,,33.0,10.5,23.9,176.1,78.45,45.799,58568,15.6
Kansas,2022,1.38,41.45,72.24,15.94,112.3,2.45,36.76,41.52,8.88,37.61,11.07,7.55,71.82,460.9,,14.05,156.80,693.10,130.20,232.30,62.11,183.30,375.80,34.88,116.80,62.79,24.12,203.7,2290,,10.20,3.78,9.59,8.17,2.07,25.37,4.99,9.05,4.83,3.11,5.67,3.19,2.84,4.97,,35.6,9.7,26.7,173.2,77.81,46.89,60238,14.5
Kansas,2023,1.37,42.39,72.8,16.04,113.8,2.59,36.9,42.42,9.45,39.43,11.12,8.31,71.25,467.8,,14.34,164.30,715.00,134.50,241.30,66.59,188.70,391.80,37.28,126.10,64.95,26.2,208.5,2380,,10.50,3.88,9.82,8.39,2.12,25.69,5.12,9.24,4.85,3.20,5.84,3.16,2.93,5.09,,35.8,9.9,21.4,,77.81,48.52,62351,
Kentucky,2021,1.52,43.53,74.68,17.92,123.9,2.85,41.4,43.64,10.93,36.78,12.07,11.03,76,496.3,,16.10,150.80,653.70,122.30,199.70,67.91,151.20,379.40,34.08,118.5,70.96,27.82,181.9,2174,,10.59,3.47,8.75,6.83,1.61,23.86,3.65,8.70,3.93,3.22,5.88,2.52,2.39,4.38,,34.6,12.7,28.7,217.5,75.63,37.61,51549,19.6
Kentucky,2022,1.49,42.28,73.69,17.49,123.4,2.6,39.51,44.04,9.6,40.56,11.94,10.31,77.24,494.2,,16.50,162.00,716.00,126.00,220.10,66.52,160.00,402.40,34.73,137.1,73.72,28.19,194,2337,,11.11,3.83,9.72,7.20,1.78,25.61,4.05,9.14,4.15,3.38,6.17,2.74,2.51,4.73,,36.4,11.7,31.6,208.6,75.08,39.21,60433,17.4
Kentucky,2023,1.47,43.41,74.55,17.75,124.7,2.75,39.62,44.95,10.31,42.55,12,11.34,76.22,501.6,,16.92,170.50,742.30,131.40,230.30,71.88,164.00,423.00,37.56,148.8,76.67,30.65,200.6,2445,,11.49,3.93,9.96,7.40,1.85,26.17,4.14,9.41,4.22,3.50,6.39,2.70,2.63,4.87,,37.0,11.4,29.3,,75.08,40.46,63732,
Louisiana,2021,1.84,46.47,79.72,16.83,93.07,3.17,49.67,48.6,15.52,44.46,14.59,12.42,62.94,489.3,,19.72,159.90,693.20,118.90,179.00,78.16,157.50,436.70,42.28,145.20,86.93,32.24,192.40,2342.00,,10.73,3.44,8.70,7.07,1.92,24.66,3.17,8.99,4.30,3.27,5.96,2.60,3.06,4.79,,36.3,13.0,28,235.5,76.14,34.03,54531,19.5
Louisiana,2022,1.78,44.88,78.22,16.58,92.12,2.87,49.02,48.63,13.62,48.57,14.3,11.62,63.27,485.5,,20.80,165.30,730.30,123.10,190.00,80.98,174.40,489.90,43.86,172.90,92.94,33.04,205.00,2523.00,,11.70,3.68,9.34,7.43,2.06,28.24,3.56,10.07,4.63,3.56,6.50,2.84,3.24,5.20,,36.2,11.3,31.5,224,75.22,35.8,54527,16.7
Louisiana,2023,1.76,45.28,77.75,16.54,92.1,3.01,49.3,49.24,14.36,50.88,14.35,12.6,62.78,490,,21.01,170.60,742.60,126.80,194.10,86.40,178.80,508.50,46.43,184.80,95.18,34.72,207.10,2597.00,,11.93,3.77,9.55,7.67,2.11,28.71,3.63,10.33,4.61,3.63,6.63,2.76,3.30,5.30,,38.3,12.7,28.2,,75.22,46.12,57100,
Maine,2021,1.1,47.51,81.49,15.79,123,2.82,39.07,43.23,11.1,26.5,8.69,9.19,72.06,481.6,,13.41,212.80,922.20,127.70,299.70,78.59,230.40,439.10,52.27,98.73,59.11,29.67,270.30,2834.00,,12.24,4.48,11.32,8.09,2.44,27.87,5.90,10.16,2.48,3.73,6.80,3.23,3.75,5.89,,29.8,10.4,20.8,168.4,78.69,46.25,58621,15.6
Maine,2022,1.07,45.64,79.55,15.67,122.4,2.57,39.08,43.63,9.96,29.28,8.62,8.68,72.78,478.9,,14.21,211.60,935.00,132.80,315.00,76.16,241.80,460.80,49.49,118.10,63.50,30.46,285.20,2934.00,,13.25,4.64,11.75,8.47,2.57,29.60,6.19,10.56,2.89,4.03,7.37,3.51,3.92,6.13,,31.4,8.7,29.5,132.3,78.56,48.08,60425,15
Maine,2023,1.08,47.75,82.01,16.01,125.2,2.76,39.61,45.2,10.78,31.05,8.75,9.73,74.31,494.2,,14.86,226.30,985.00,139.60,331.30,83.27,254.50,490.00,53.90,130.70,67.33,33.71,299.10,3110.00,,13.83,4.74,12.01,8.72,2.65,30.15,6.43,10.84,2.89,4.21,7.69,3.46,4.03,6.29,,31.3,8.2,19.7,,78.56,49.05,63117,
Maryland,2021,1.33,37.24,63.89,13.27,86.57,2.64,44.81,40.42,9.69,32.12,10.54,8.05,52.26,402.8,,15.63,155.80,675.40,105.80,202.10,71.18,210.60,397.70,37.21,115.10,68.89,25.92,200.30,2282.00,,11.77,4.18,10.57,7.97,2.34,27.00,4.70,9.84,3.37,3.58,6.54,3.22,3.83,5.66,,31.6,11.1,21.9,165.2,79.22,50.42,69047,10.1
Maryland,2022,1.28,35.94,62.64,13.29,84.99,2.38,45.55,40.41,8.54,34.88,10.27,7.54,51.46,399.2,,16.26,156.60,692.20,116.20,207.30,72.30,221.50,437.40,37.86,135.20,72.68,26.70,211.90,2404.00,,12.74,4.36,11.05,8.74,2.44,30.34,4.86,10.82,3.86,3.88,7.08,3.54,4.12,6.02,,32.0,9.8,23,155.8,78.58,51.9,70236,9.6
Maryland,2023,1.27,36.81,63.22,13.37,86.36,2.55,45.31,41.71,9.16,36.74,10.36,8.34,51.83,407,,16.76,165.20,719.00,120.20,215.80,78.61,229.00,462.60,41.26,147.40,75.91,29.39,219.30,2521.00,,13.18,4.49,11.37,8.99,2.50,30.84,5.05,11.09,3.88,4.01,7.33,3.53,4.23,6.19,,30.9,9.1,20.6,,78.58,53.44,73849,
Massachusetts,2021,1.16,42.62,73.1,12.64,105.5,2.43,39.91,37.32,9.74,27.96,9.17,7.01,50.78,419.3,,13.21,181.40,786.00,104.30,254.80,62.00,216.60,346.40,43.97,97.25,58.22,24.53,203.80,2393.00,,11.43,4.26,10.75,8.24,2.42,25.47,5.43,9.28,3.67,3.48,6.35,3.50,4.01,5.71,,25.0,8.7,20,134,80.62,56.33,83434,10.6
Massachusetts,2022,1.14,40.91,71.31,12.53,103.9,2.03,39.72,34.49,8.7,31.06,9.14,6.6,49.95,411.5,,14.06,187.80,830.00,112.20,266.00,59.18,219.00,358.00,41.99,116.90,62.83,25.23,211.20,2505.00,,12.36,4.59,11.64,8.96,2.56,29.09,5.51,10.38,4.05,3.76,6.87,3.83,4.23,6.09,,25.4,7.4,26,132.3,80.19,57.08,84551,10.4
Massachusetts,2023,1.14,42.17,72.42,12.68,106.4,2.19,39.8,35.9,9.43,32.79,9.24,7.36,50.86,422.4,,14.56,199.70,869.00,116.50,279.40,64.70,229.20,380.70,45.79,128.10,65.98,28.06,220.60,2642.00,,12.83,4.74,12.00,9.19,2.63,29.49,5.76,10.60,4.04,3.91,7.14,3.82,4.34,6.26,,24.5,7.7,19.4,,80.19,57.88,87812,
Michigan,2021,1.21,37.39,64.14,14.28,106.8,2.46,37.69,37.65,8.84,29.29,9.61,6.31,58.88,414.6,,13.14,141.60,613.60,104.30,203.30,58.96,168.30,329.40,34.74,96.75,57.92,19.6,181,2023,,10.85,3.79,9.57,7.30,1.90,24.01,4.47,8.75,3.88,3.30,6.03,3.11,3.07,4.88,,32.4,11.0,23.1,209.6,78.14,42.72,56597,17
Michigan,2022,1.18,36.31,63.29,14.06,108.6,2.26,36.85,38.26,7.99,32.28,9.5,5.93,58.94,415.4,,13.36,151.00,667.30,114.10,220.40,58.29,175.60,352.60,33.16,111.10,59.72,20.33,195,2172,,11.31,4.16,10.54,8.12,2.03,25.83,4.77,9.22,4.43,3.44,6.28,3.43,3.31,5.23,,35.8,9.5,24.6,206.3,77.48,43.99,57043,15.2
Michigan,2023,1.17,37.26,63.99,14.17,108.3,2.39,36.68,39.12,8.52,33.69,9.5,6.55,58.79,420.1,,13.71,158.90,691.50,118.70,228.40,62.75,180.30,369.30,35.92,120.50,62.10,22.13,201,2265,,11.76,4.26,10.81,8.38,2.11,26.25,4.91,9.44,4.46,3.58,6.54,3.38,3.42,5.39,,35.3,10.6,20.2,,77.48,44.76,59714,
Minnesota,2021,1.17,36.3,62.27,13.44,104.7,2.24,32.38,34.29,7.75,28.31,9.29,5.76,55.44,393.3,,12.73,144.20,624.90,107.40,216.50,54.29,183.70,303.30,33.34,93.70,56.10,18.89,195.80,2045.00,,10.88,3.97,10.03,7.99,2.07,24.28,5.68,8.85,4.60,3.31,6.04,3.28,3.53,5.20,,29.0,8.5,19.6,123.9,80.92,53.24,66770,13.4
Minnesota,2022,1.15,35.27,61.46,13.25,103.2,2,30.65,33.84,6.82,31.35,9.23,5.18,54.34,387.7,,12.77,151.60,670.10,116.90,230.90,52.40,187.20,317.10,31.59,106.20,57.07,19.08,206.90,2160.00,,11.13,4.30,10.90,8.82,2.24,26.26,6.11,9.37,4.95,3.39,6.18,3.69,3.81,5.57,,30.0,7.8,19.7,124.1,80.4,54.34,68874,13
Minnesota,2023,1.13,36.25,62.25,13.35,103.9,2.12,30.43,34.61,7.27,32.74,9.23,5.72,54.19,393.2,,13.03,158.80,691.00,121.00,239.30,56.20,191.60,330.70,33.50,114.60,59.03,20.69,211.80,2241.00,,11.50,4.38,11.10,9.07,2.30,26.57,6.30,9.56,4.97,3.50,6.40,3.62,3.91,5.70,,30.6,7.8,18.7,,80.4,55.48,71866,
Mississippi,2021,1.57,46.4,79.6,19.1,99.77,3.18,48.96,48.7,17.21,38.01,12.47,14.95,64.31,494.2,,16.34,155.90,675.70,121.20,181.00,74.47,145.90,416.10,42.58,120.30,72.01,36.63,180.00,2238.00,,10.40,3.36,8.49,6.35,1.81,23.44,2.98,8.54,3.51,3.17,5.77,2.45,2.80,4.53,,39.1,14.6,30.4,255.2,74.88,35.48,46577,19.6
Mississippi,2022,1.66,44.35,77.3,18.99,99.34,2.83,46.81,47.98,14.58,45.23,13.32,13.85,64.04,490.3,,19.92,156.30,690.70,125.60,195.80,72.40,154.40,438.00,42.18,165.60,89.03,37.00,191.30,2378.00,,12.03,3.52,8.94,6.62,1.97,25.59,3.30,9.13,3.77,3.66,6.69,2.67,2.99,4.85,,41.2,13.3,36.9,248,73.89,37.06,46388,17.4
Mississippi,2023,1.68,45.68,78.45,19.17,99.66,2.97,47.45,48.62,16.12,48.63,13.71,15.67,63.71,501.5,,20.99,164.60,716.30,132.60,203.80,77.59,158.40,456.60,46.58,184.60,95.10,41.23,192.60,2491.00,,12.47,3.60,9.13,6.92,2.05,26.11,3.34,9.39,3.81,3.80,6.94,2.63,3.02,4.97,,39.9,13.2,28.9,,73.89,48.45,48110,
Missouri,2021,1.35,36.24,62.17,15.7,103.8,2.46,36,37.65,9.71,32.7,10.73,9.31,59.84,417.6,,13.84,134.30,582.00,115.90,202.20,61.28,153.90,342.40,32.73,101.90,61.00,24.84,176,2002,,10.24,3.71,9.36,7.39,1.95,24.95,4.27,9.09,4.07,3.12,5.69,2.67,2.94,4.79,,32.5,11.4,25.5,202.4,77.3,41.97,56068,17.3
Missouri,2022,1.32,35.61,62.07,15.5,103.1,2.24,33.86,38.01,8.74,36.01,10.6,8.46,59.91,415.4,,13.89,143.40,633.50,125.10,211.90,60.51,162.80,366.10,33.73,115.50,62.09,25.67,188.1,2142,,10.54,4.03,10.21,8.08,2.06,27.00,4.81,9.63,4.45,3.21,5.86,3.03,3.14,5.16,,34.6,9.0,29.6,199.8,76.64,43.26,57825,16.8
Missouri,2023,1.3,36.35,62.43,15.57,104.4,2.37,33.97,38.85,9.28,37.5,10.57,9.24,59.47,421.3,,14.08,150.10,653.20,129.30,219.40,65.16,167.10,383.40,36.00,123.80,63.79,27.83,193.3,2227,,10.85,4.13,10.46,8.31,2.10,27.45,4.92,9.87,4.54,3.30,6.03,3.01,3.25,5.29,,34.2,9.4,24.9,,76.64,44.76,61302,
Montana,2021,0.72,22.5,38.59,8.59,65.59,1.44,19.48,22.03,5.03,17.54,5.75,3.98,38.86,250.1,,7.25,81.71,354.10,66.01,127.90,34.87,100.80,194.80,20.75,53.38,31.96,12.62,108.8,1195,,10.00,3.63,9.18,7.69,1.95,24.27,5.18,8.84,3.25,3.04,5.55,3.17,2.80,4.78,,27.1,8.9,21.7,175.2,78.91,45.98,58337,14.4
Montana,2022,0.71,22.16,38.63,8.57,66,1.3,18.57,22.1,4.6,19.3,5.68,3.72,38.3,249.7,,7.72,83.83,370.50,70.14,136.70,34.46,107.90,208.50,20.04,64.15,34.49,12.96,118,1269,,10.92,3.78,9.59,8.18,2.07,26.44,5.81,9.43,3.78,3.32,6.07,3.48,3.08,5.08,,28.0,6.4,18.6,165.9,78.37,46.17,60984,15.2
Montana,2023,0.69,22.37,38.41,8.55,65.67,1.35,18.07,22.14,4.81,19.86,5.6,4.03,37.61,249.2,,7.73,86.24,375.40,71.75,139.80,36.36,109.00,213.90,20.91,68.01,35.04,13.85,118.7,1297,,11.25,3.86,9.77,8.40,2.13,26.87,6.03,9.66,3.84,3.43,6.26,3.44,3.16,5.20,,28.9,7.7,18,,78.37,46.44,63918,
Nebraska,2021,1.41,40.9,70.16,15.39,116.1,2.67,37.16,40.85,9.13,34.07,11.18,6.87,69.79,455.7,,14.29,145.30,629.90,115.60,221.10,60.87,172.6,340.1,33.48,105.2,62.98,21.26,187.6,2110,,10.14,3.55,8.98,7.51,1.90,22.84,4.65,8.32,3.70,3.09,5.63,3.09,2.69,4.63,,33.4,10.0,22.7,160.8,79.57,48.89,62660,13.4
Nebraska,2022,1.38,39.85,69.45,15.28,118.3,2.43,35.71,41.23,8.09,37.62,11.08,6.33,69.72,456.5,,14.89,148.60,656.80,121.20,230.20,60.61,189.7,366.7,32.73,123.8,66.54,21.74,203.5,2237,,10.81,3.73,9.46,7.93,1.95,24.93,5.31,8.90,4.20,3.29,6.01,3.44,2.92,4.9,,34.3,9.1,26.6,154.3,79.02,49.38,64263,13
Nebraska,2023,1.37,41.3,70.93,15.66,119.8,2.59,35.71,42.29,8.88,39.58,11.16,7.35,69.89,466.5,,15.37,156.50,681.30,128.20,238.70,65.54,199.9,385.7,35.83,135.2,69.64,24.39,208.3,2344,,11.22,3.79,9.60,8.18,1.99,25.36,5.60,9.12,4.26,3.42,6.24,3.32,2.98,5.03,,34.0,8.9,21,,79.02,49.91,67800,
Nevada,2021,1.67,39.64,68,14.39,100.2,2.78,44.17,42.67,8.39,40.34,13.24,6.18,59.12,440.8,,15.49,146.30,633.90,108.10,204.60,63.48,184.10,354.70,32.56,114.10,68.29,21.48,181.70,2129.00,,9.29,3.69,9.32,7.52,2.04,22.81,4.17,8.31,3.18,2.83,5.16,3.48,3.07,4.83,,27.1,10.5,22.5,208.1,78.67,35.4,61020,15.5
Nevada,2022,1.65,39.11,68.16,14.42,98.3,2.5,44.16,42.35,7.47,45.04,13.26,5.8,57.42,439.6,,16.38,157.90,697.90,115.80,221.30,63.62,196.90,384.90,33.10,136.20,73.20,22.16,192.00,2311.00,,9.93,4.04,10.24,8.03,2.25,25.47,4.46,9.09,3.67,3.02,5.52,3.82,3.34,5.26,,30.5,9.9,25.6,196.8,78.11,36.09,62092,14.8
Nevada,2023,1.62,39.29,67.48,14.3,98.21,2.62,43.85,42.79,7.86,46.8,13.2,6.3,57.97,442.3,,16.51,163.50,711.50,118.50,227.00,67.42,201.80,396.70,35.06,145.20,74.78,23.71,197.30,2379.00,,10.19,4.16,10.54,8.29,2.31,25.78,4.60,9.27,3.67,3.1,5.67,3.76,3.40,5.38,,28.1,9.9,24.9,,78.11,36.72,65168,
New Hampshire,2021,1.49,59.5,102.1,18.92,159.8,3.37,49.05,51.7,13.7,36.12,11.85,10.72,76.42,594.7,,16.19,251.40,1090.00,147.20,358.90,83.75,249.80,468.00,63.02,119.20,71.38,34.34,263.1,3216,,10.84,4.23,10.68,7.78,2.25,24.84,5.09,9.05,5.04,3.30,6.02,3.21,3.44,5.41,,28.6,9.6,20.8,154.1,79.69,50.51,72214,12.3
New Hampshire,2022,1.48,56.5,98.48,18.64,156,3.04,48.78,51.61,12,40.52,11.93,9.99,76.03,585,,17.49,258.80,1144.00,158.10,372.20,80.49,258.00,487.00,59.46,145.40,78.15,35.23,275.7,3370,,11.79,4.58,11.62,8.48,2.39,26.45,5.29,9.44,5.22,3.59,6.55,3.53,3.63,5.76,,32.1,8.0,21.1,147.5,79.59,52.03,73711,11.2
New Hampshire,2023,1.48,58.56,100.6,18.88,158.8,3.26,48.69,53.27,12.89,42.72,12.04,11.07,76.96,599.2,,18.09,274.20,1193.00,164.40,388.80,87.86,267.90,517.00,64.12,159.10,81.95,38.46,287.5,3543,,12.23,4.68,11.87,8.71,2.45,26.99,5.5,9.71,5.25,3.72,6.80,3.47,3.74,5.91,,30.5,7.4,18.6,,79.59,52.97,77260,
New Jersey,2021,1.56,51.62,88.54,16.84,124.9,3.12,51.72,47.86,12.41,37.67,12.36,9.4,64.74,522.7,,17.08,200.00,864.10,131.30,285.50,80.03,228.20,447.10,48.99,114.5,74.43,29.09,229.3,2750,,11.14,3.94,9.95,7.99,2.32,26.27,4.53,9.58,3.92,3.39,6.19,3.19,3.63,5.39,,27.0,9.9,26.6,157.5,80.49,52.15,76069,10.7
New Jersey,2022,1.53,50.16,87.43,16.83,127.5,2.86,51.92,48.43,11.05,41.68,12.27,8.96,64.2,524.8,,17.35,203.20,880.70,134.50,290.10,82.01,234.30,458.30,49.3,127.8,76.5,30.02,235.2,2819,,12.09,4.29,10.88,8.76,2.45,29.39,4.74,10.49,4.23,3.68,6.72,3.47,3.92,5.81,,25.5,9.5,27.9,152.8,79.49,53.45,77206,10.4
New Jersey,2023,1.51,51.15,87.85,16.95,129.5,3.04,51.87,49.76,11.76,43.63,12.3,9.83,64.71,533.8,,18.46,215.20,950.80,147.40,312.20,83.95,246.00,507.90,47.44,153.4,82.48,31.06,251.5,3048,,12.51,4.43,11.23,9.01,2.52,29.93,4.92,10.76,4.26,3.81,6.96,3.45,4.02,5.98,,27.7,8.6,20.2,,79.49,54.86,80724,
New Mexico,2021,1.79,43.47,74.57,14.38,100.5,3.03,43.56,46.43,9.99,43.28,14.2,8.66,77.2,481.1,,15.85,143.5,621.8,110.30,204.70,69.24,190.60,386.90,35.1,116.7,69.89,25.8,197.8,2188,,8.86,3.3,8.34,7.67,2.04,22.86,4.38,8.33,4.76,2.7,4.92,2.98,2.56,4.55,,27.3,9.5,19,156.5,77.98,38.03,51134,13.4
New Mexico,2022,1.82,43.2,75.29,14.43,101,2.76,43.34,46.83,9.14,49.61,14.61,8.13,77.21,487.4,,16.83,154.6,683.3,117.40,222.60,69.23,212.40,418.90,34.47,139.9,75.21,26.68,212.7,2384,,9.26,3.58,9.07,8.14,2.20,25.07,4.90,8.95,5.02,2.82,5.15,3.28,2.75,4.89,,32.2,10.9,24.8,156.8,76.88,39.58,52190,15
New Mexico,2023,1.85,44.08,75.7,14.68,102.1,2.92,44.46,47.7,9.72,53.37,15.05,9.01,78.75,499.4,,17.43,161.9,704.5,123.20,232.90,74.97,223.90,441.20,37.05,153.2,78.95,29.1,221.5,2500,,9.43,3.67,9.31,8.39,2.28,25.72,5.04,9.25,5.01,2.87,5.25,3.23,2.81,5.01,,31.7,11.0,22.5,,76.88,40.15,54428,
New York,2021,1.03,34.98,60,9.75,76.29,2.03,35.27,31.1,8.47,24.86,8.16,5.64,40.34,337.9,,11.77,138.80,601.70,81.50,188.70,52.32,159.7,292.3,34.52,86.64,51.87,19.98,157.7,1877,,11.45,3.97,10.03,8.36,2.47,25.79,4.53,9.4,3.09,3.48,6.36,3.54,3.91,5.56,,26.4,10.1,23.4,162.3,81.44,50.72,75959,12
New York,2022,1,34.03,59.32,9.81,78.25,1.85,36.52,31.42,7.51,27.35,8.05,5.36,40.36,340.8,,12.63,140.80,622.40,88.55,195.10,51.69,167.9,312.7,33.43,105,56.42,20.58,168.3,1975,,12.61,4.14,10.49,9.03,2.49,27.90,4.6,9.95,3.6,3.84,7.01,3.84,4.17,5.8,,27.2,9.4,27,159.2,80.26,51.81,75423,11.3
New York,2023,1,34.9,59.93,9.91,79.84,1.98,36.71,32.38,8.02,28.78,8.11,5.89,40.98,348.4,,12.99,149.30,649.70,92.16,204.50,56.31,175.3,331.4,36.43,114.2,58.85,22.61,175.4,2079,,13.04,4.28,10.84,9.3,2.56,28.46,4.77,10.23,3.67,3.97,7.25,3.84,4.28,5.97,,26.5,9.1,25.2,,80.26,52.55,79581,
North Carolina,2021,1.47,44.76,76.78,15.84,101.7,3,49.46,46.05,12.36,35.46,11.64,10.86,65.55,474.9,,16.75,169.90,736.3,115.8,206.1,72.97,189.6,407.7,40.13,123.3,73.84,30.21,210.6,2393,,11.43,3.80,9.59,7.31,2.03,24.29,3.83,8.85,3.99,3.48,6.35,2.78,3.21,5.04,,32.3,11.5,23.3,170.9,78.13,45.95,56698,14.4
North Carolina,2022,1.4,43.43,75.68,15.66,100.3,2.74,48.46,46.49,10.87,38.27,11.27,10.14,65.44,470.1,,17.77,181.00,800.1,121.9,225.3,72.11,203.8,436.3,41.11,147.7,79.41,30.89,224.5,2582,,12.68,4.17,10.57,7.79,2.25,26.31,4.21,9.39,4.22,3.86,7.05,3.05,3.43,5.49,,34.0,10.5,25.9,165.8,77.68,47.68,58125,14.5
North Carolina,2023,1.39,44.58,76.56,15.8,101.9,2.9,48.67,47.37,11.63,40.07,11.3,11.14,65.56,478.8,,18.23,191.30,832.8,126.6,233.7,77.72,211,457.4,44.62,160.3,82.58,33.89,233,2703,,13.14,4.29,10.88,8.01,2.29,26.85,4.34,9.65,4.22,4,7.31,3.04,3.55,5.65,,33.6,11.0,21.9,,77.68,49.35,60484,
North Dakota,2021,1.7,51.83,88.91,19.81,151.4,3.26,44.91,49.93,11.68,41.14,13.5,9.14,89.71,576.9,,16.6,187.1,810.9,152.1,288.4,77.39,227.6,432.4,47.29,122.2,73.16,28.24,245.8,2709,,9.76,3.61,9.12,7.68,1.91,23.76,5.07,8.66,3.14,2.97,5.42,3.09,2.74,4.7,,33.9,9.4,23.1,152.8,79.72,49.37,65891,15
North Dakota,2022,1.67,51.22,89.27,19.73,151.7,2.96,42.92,50.12,10.63,45.5,13.4,8.53,88.85,576.5,,17.71,192,848.5,161,308.6,76.83,244.9,464.8,45.55,147.2,79.13,28.96,268.6,2884,,10.63,3.75,9.51,8.16,2.03,25.99,5.71,9.27,3.71,3.24,5.91,3.4,3.02,5,,35.8,8.2,27.9,155,78.77,50.75,70391,15.1
North Dakota,2023,1.61,51.46,88.38,19.56,150.3,3.06,41.38,49.99,11.05,46.46,13.1,9.19,86.69,572.3,,17.66,196.6,855.7,163.8,314.1,80.66,245.8,474.6,47.28,155.3,80,30.82,268.5,2931,,10.98,3.82,9.68,8.38,2.09,26.4,5.94,9.49,3.72,3.34,6.11,3.36,3.1,5.12,,33.6,9.3,24.6,,78.77,51.35,73341,
Ohio,2021,1.31,36.53,62.66,14.71,105.9,2.39,37.24,36.67,8.71,31.59,10.37,7.09,57.3,412.5,,13.67,138.2,598.9,107.8,196.8,60.48,154.3,337.9,32.23,100.6,60.25,20.8,171.5,1993,,10.47,3.78,9.56,7.33,1.86,25.29,4.14,9.22,2.97,3.19,5.81,2.93,2.99,4.83,,33.5,12.2,26.1,204.7,76.98,41.63,57022,18
Ohio,2022,1.27,35.73,62.27,14.51,107.5,2.21,35.93,37.55,7.83,34.59,10.18,6.76,57.89,414.2,,14.32,149.6,661.2,112.7,215.5,60.19,164.1,364.2,32.87,119.1,64.01,21.6,186.5,2166,,11.31,4.19,10.62,7.77,2.01,27.18,4.57,9.7,3.46,3.44,6.29,3.2,3.22,5.23,,34.6,10.3,27.6,193.9,76.52,43.23,57759,17.1
Ohio,2023,1.25,36.49,62.67,14.58,108.1,2.33,35.73,38.13,8.29,35.96,10.14,7.42,57.32,418.4,,14.6,156.7,681.9,116.6,224.5,64.64,167.9,380.4,35.34,128.4,66.16,23.17,191.4,2252,,11.73,4.29,10.88,7.99,2.08,27.74,4.7,9.98,3.48,3.57,6.53,3.12,3.34,5.38,,35.8,10.9,23.5,,76.52,42.82,60402,
Oklahoma,2021,1.59,39.32,67.45,16.17,98.92,2.59,38.79,39.72,10.46,38.54,12.65,10.21,64.75,441.1,,15.4,137,593.9,117.5,194.2,60.86,143.6,340,33.23,113.4,67.9,28.25,165.3,2011,,9.67,3.49,8.81,7.27,1.96,23.49,3.7,8.56,4,2.94,5.37,2.77,2.55,4.56,,34.5,12.3,27.8,264.2,76.05,36.05,55159,16.9
Oklahoma,2022,1.54,38.83,67.67,16.06,98.67,2.39,39.32,40.55,9.52,41.97,12.36,9.65,65.85,444.4,,16.7,146.5,647.2,129.6,212,62.13,159.2,375.9,34.89,138.9,74.65,29.05,187.6,2214,,10.87,3.77,9.57,8.07,2.15,25.98,4.05,9.27,4.18,3.31,6.04,3.01,2.85,4.98,,37.1,11.0,33.4,257.1,75.54,37.49,56306,15.6
Oklahoma,2023,1.53,39.2,67.32,16.05,98.87,2.49,39.38,40.68,10.02,44.06,12.42,10.5,64.82,447.3,,16.82,150.6,655.5,132.8,216.7,65.76,161.5,387,36.72,147.9,76.19,30.86,189.3,2268,,11.03,3.84,9.74,8.28,2.19,26.45,4.1,9.51,4.15,3.36,6.13,2.94,2.92,5.07,,37.1,11.8,27.9,,75.54,38.65,58499,
Oregon,2021,1.06,35.28,60.52,12.96,100.7,2.29,30.81,35.14,6.1,25.74,8.45,5.13,56.76,381,,12.4,142.6,617.8,101.5,222,55.54,197,310.4,30.71,91.29,54.66,19.59,208.1,2063,,11.66,4.04,10.21,7.83,2.2,24.24,6.39,8.83,5.29,3.55,6.47,3.82,3.67,5.42,,29.3,9.7,17.3,148.5,79.88,45.22,61643,12.4
Oregon,2022,1.03,33.75,58.82,12.61,99.76,2.06,29.77,34.88,5.54,28.04,8.26,4.68,54.84,374,,13.11,145.1,641,105.3,237.3,54.49,203.8,329.7,28.91,109,58.59,19.95,219,2165,,12.77,4.3,10.9,8.35,2.38,26.49,6.85,9.45,5.47,3.89,7.1,4.27,3.99,5.79,,28.8,7.5,23.5,145.4,79.7,46.57,62314,12.4
Oregon,2023,1.02,34.93,59.99,12.85,101.5,2.2,30.01,36.01,5.97,29.58,8.34,5.22,56.3,384,,13.62,154.5,672.5,110.1,249.2,59.42,212.8,349.7,31.34,119.8,61.7,22.17,229.3,2286,,13.3,4.42,11.21,8.57,2.45,27.01,7.09,9.71,5.57,4.05,7.4,4.25,4.07,5.95,,28.3,8.4,17.6,,79.7,47.29,65426,
Pennsylvania,2021,1.17,38.32,65.73,13.57,98.08,2.37,38.26,36.38,9.17,28.39,9.32,7.44,50.33,398.5,,12.88,150.2,650.8,106.1,220.4,62.98,173.4,351.9,35.9,94.82,56.77,22.52,175.7,2114,,10.97,3.92,9.9,7.82,2.25,26.54,4.53,9.67,3.58,3.34,6.09,3.03,3.49,5.31,,30.8,11.0,22,180.6,78.45,45.87,64035,14.4
Pennsylvania,2022,1.15,37.43,65.24,13.57,100.2,2.19,37.96,37.18,8.18,31.39,9.24,7.12,50.14,401,,13.68,161.1,711.9,117.1,236.7,64.68,182.7,391.3,34.56,113.7,61.14,23.49,188.7,2301,,11.9,4.3,10.91,8.63,2.36,29.5,4.81,10.52,4.19,3.62,6.62,3.3,3.76,5.74,,33.1,9.2,24.6,173.4,78.02,47.5,64506,14.9
Pennsylvania,2023,1.15,38.43,65.99,13.75,102.3,2.35,38.06,38.41,8.75,33.09,9.33,7.93,50.7,410.2,,14.07,170.2,740.7,121.8,248.8,70.41,190.4,414.3,37.32,123.7,63.73,25.76,195.7,2417,,12.28,4.43,11.22,8.86,2.43,30,5,10.79,4.24,3.74,6.83,3.25,3.86,5.89,,31.6,9.7,23.4,,78.02,48.56,67839,
Rhode Island,2021,1.07,32.99,56.59,11.31,83.77,1.97,32.93,30.25,7.24,25.97,8.52,5.61,44.34,342.6,,11.6,145,628.3,91.15,209.3,53.3,181.2,297.8,34.41,85.43,51.15,19.72,181.5,1990,,10.81,4.39,11.1,8.06,2.5,27.02,5.5,9.85,5.02,3.29,6,3.52,4.09,5.81,,28.5,10.1,23.5,158.7,79.84,46.24,63657,12.4
Rhode Island,2022,1.04,32.51,56.66,11.42,84.53,1.84,33.3,31.23,6.65,28.35,8.35,5.47,44.24,345.6,,11.61,147.2,650.7,99.31,215.8,50.68,179.8,306.6,33.34,96.47,51.86,20.65,185.1,2049,,11.18,4.53,11.48,8.7,2.55,27.52,5.4,9.82,5.26,3.4,6.21,3.78,4.18,5.93,,30.1,9.1,26,152.6,79.37,48,63551,11.8
Rhode Island,2023,1.03,33.21,57.03,11.47,85.16,1.96,33.26,32.08,7.16,29.64,8.36,6.02,44.35,350.7,,11.9,154.8,673.7,102.8,225.1,54.84,186.7,322.7,35.91,104.6,53.89,22.54,190.7,2140,,11.6,4.66,11.81,8.97,2.64,27.98,5.61,10.06,5.29,3.53,6.45,3.75,4.3,6.1,,30.6,9.0,22.9,,79.37,49.68,66480,
South Carolina,2021,1.6,45.56,78.16,16.7,99.33,3,50.85,45.95,13.24,38.73,12.71,11.77,63.9,481.5,,16.81,166.1,719.8,120.7,203.5,75.1,184.8,419.6,40.95,123.7,74.09,31.41,204.8,2381,,10.5,3.65,9.21,7.23,2.05,25.05,3.64,9.13,3.25,3.2,5.83,2.67,3.21,4.95,,34.0,13.3,26,189.1,77.12,41.98,52822,15.5
South Carolina,2022,1.57,44.46,77.49,16.7,99.07,2.76,49.89,46.84,11.81,42.82,12.61,11.08,64.64,481.7,,17.9,171.3,756.9,128.9,226.1,75.62,203.8,457.5,42.56,148.8,80,34.58,221.3,2565,,11.42,3.85,9.77,7.72,2.28,27.38,4.09,9.77,3.51,3.48,6.35,3.12,3.42,5.33,,35.5,11.5,28.5,177.7,76.44,43.81,53615,15.4
South Carolina,2023,1.58,45.44,78.03,16.83,100.1,2.91,50.23,47.62,12.56,45.67,12.88,12.09,64.67,490.6,,18.32,180.5,785.4,134.2,235.7,81.57,211.4,480,46.05,161.1,82.99,37.72,228.7,2684,,11.59,3.97,10.07,7.97,2.36,28.03,4.21,10.08,3.56,3.53,6.45,3.12,3.54,5.47,,36.7,11.9,25.6,,76.44,45.33,56123,
South Dakota,2021,1.34,40.27,69.07,15.41,117.8,2.5,34.9,38.25,9.13,32.45,10.65,7.08,69.81,448.7,,12.82,144.6,626.7,118.2,219.9,58.17,173.6,325,36.38,94.42,56.53,21.38,187.7,2075,,9.56,3.59,9.07,7.67,1.87,23.32,4.97,8.5,3.97,2.91,5.31,3.02,2.69,4.63,,32.4,10.1,22,153,78.91,46.62,65411,15.3
South Dakota,2022,1.32,39.77,69.32,15.31,117.4,2.26,33.37,38.33,8.27,36.02,10.61,6.58,69.33,447.9,,13.69,148.1,654.5,124.4,235.1,57.87,187.5,350.1,34.91,113.8,61.19,21.86,206,2209,,10.38,3.72,9.44,8.12,2,25.6,5.62,9.14,4.27,3.16,5.77,3.32,2.97,4.93,,33.1,9.3,28.9,158.2,78.19,48.18,68173,14
South Dakota,2023,1.28,40.28,69.18,15.29,117.3,2.36,32.31,38.54,8.7,37.09,10.46,7.2,68.11,448.1,,13.76,153.2,666.9,127.5,241.1,60.77,189.3,357.6,36.67,121,62.35,23.45,207.4,2261,,10.72,3.8,9.64,8.34,2.06,25.8,5.86,9.28,4.25,3.26,5.96,3.26,3.05,5.05,,33.4,6.9,21.6,,78.19,49.2,70353,
Tennessee,2021,1.55,42.17,72.34,16.8,109.7,2.91,44.82,44.64,11.78,37.45,12.29,11.11,64.96,472.5,,16.09,152.5,660.9,119.3,209.4,69.81,170,390.1,37.04,118.4,70.92,29.81,190.7,2235,,10.39,3.62,9.14,7.1,1.91,23.97,3.79,8.74,4.35,3.16,5.77,2.68,2.94,4.73,,33.3,12.5,27.2,223.8,75.98,39.49,57008,19.7
Tennessee,2022,1.57,41.26,71.9,16.54,108.6,2.64,41.88,44.78,10.13,42.85,12.62,10.32,64.66,469.7,,15.89,165.7,732.2,125.4,228.5,68.7,180.7,415.7,37.61,132.1,71.03,30.54,204.5,2409,,10.13,4.02,10.18,7.58,2.11,26.01,4.31,9.28,4.55,3.08,5.63,2.96,3.16,5.13,,36.6,12.0,29,218.3,75.33,40.72,58311,18.5
Tennessee,2023,1.56,42.39,72.81,16.77,110.4,2.8,41.9,45.89,10.87,45.2,12.74,11.36,64.64,479.3,,16.33,174.2,758.2,130.7,240.3,75.51,185.8,444.4,40.5,143.6,73.97,32.86,211.4,2528,,10.44,4.11,10.41,7.79,2.18,26.93,4.43,9.68,4.56,3.18,5.81,2.89,3.27,5.27,,35.8,12.5,23.6,,75.33,41.22,61049,
Texas,2021,1.82,42.3,72.57,14.25,81.12,2.62,46.32,40.13,10.95,44.13,14.48,8.25,57.39,436.3,,17.26,130.5,565.5,102.1,163.3,59.64,155.5,333.3,32.56,127.1,76.1,23.2,144.4,1930,,9.46,3.08,7.79,7.17,2.01,22.79,3.36,8.31,3.97,2.88,5.26,2.81,2.52,4.42,,31.4,10.2,23.2,180.7,79.17,40.71,60543,13.1
Texas,2022,1.72,39.29,68.48,14,80.06,2.27,45.27,38.52,9.48,46.89,13.81,7.63,53.99,421.4,,17.77,137.7,608.4,106.8,177.9,56.55,164.8,342.1,32.79,147.7,79.41,23.85,147.4,2043,,10.35,3.5,8.88,7.63,2.22,24.9,3.64,8.88,4.3,3.15,5.75,3.13,2.73,4.85,,34.1,11.8,26.9,172.3,78.39,42.46,62585,11.8
Texas,2023,1.69,38.98,66.94,13.79,79.11,2.37,44.88,38.81,9.9,48.94,13.8,8.25,53.29,420.8,,17.75,141.1,614.4,108,182.1,59.63,165.8,350.9,34.45,156.1,80.4,25.21,147.9,2084,,10.48,3.62,9.18,7.84,2.3,25.14,3.69,9.04,4.35,3.19,5.83,3.06,2.77,4.95,,35.8,12.0,25.4,,78.39,43.76,65422,
Utah,2021,1.34,42.08,72.19,14.3,123.8,2.52,37.91,38.64,7.77,32.39,10.63,6.93,58.19,448.7,,13.05,135.1,585.4,104.3,215.1,49.43,172,276.2,31.06,96.1,57.54,21.96,167.2,1924,,9.75,3.21,8.11,7.29,1.74,19.61,4.54,7.15,4.57,2.97,5.41,3.17,2.87,4.29,,27.0,7.5,16.7,162.4,80.07,46.38,57039,7.2
Utah,2022,1.28,41.38,72.12,13.9,117.6,2.3,35.77,38.91,7.24,34.97,10.3,6.56,54.02,436.4,,13.84,143.2,632.7,107.5,232.1,49.47,178.2,299.3,30.24,115.1,61.87,22.19,175.2,2061,,10.81,3.46,8.77,7.73,1.97,21.56,4.98,7.69,4.8,3.29,6.01,3.38,3.24,4.72,,29.9,8.3,18.7,159.4,79.72,48.14,59449,6.7
Utah,2023,1.25,42.16,72.4,13.88,117.8,2.42,35.28,39.55,7.69,36,10.15,7.26,53.32,439.2,,14.03,152.3,662.7,110.4,240.3,52.75,184.2,310.4,31.91,123.3,63.54,24.25,180.9,2151,,11.26,3.61,9.15,7.95,2.04,21.83,5.22,7.85,4.83,3.43,6.26,3.34,3.39,4.9,,29.3,8.5,16.3,,79.72,49.77,62823,
Vermont,2021,0.87,38.39,65.85,13.87,107.3,2.2,30.58,33.72,7.81,21.02,6.9,6.07,59.19,393.8,,11.22,184,797.5,111.7,277.4,67.54,207.9,377.4,41.37,82.6,49.45,21.87,247.1,2477,,12.91,4.79,12.11,8.05,2.59,30.71,6.8,11.19,4.13,3.93,7.17,3.61,4.18,6.29,,27.0,8.8,18.4,175.7,79.83,52,61202,14.8
Vermont,2022,0.86,36.32,63.3,13.52,105.9,1.98,30.55,33.65,7.03,23.53,6.93,5.52,59.07,388.1,,11.12,188.2,831.6,118.7,278.2,64.2,215.6,388.5,38.47,92.44,49.7,22.28,261.5,2560,,12.91,5.18,13.14,8.78,2.63,32.36,7.06,11.55,4.36,3.93,7.17,4.04,4.43,6.6,,27.1,7.3,19.3,165.1,79.67,53.84,63035,13
Vermont,2023,0.85,37.62,64.6,13.7,108.4,2.11,30.59,34.6,7.49,24.6,6.94,6.11,59.78,397.4,,11.62,199.9,869.9,123.9,291.9,69.86,225.2,411.1,41.74,102.2,52.64,24.51,272.9,2697,,13.65,5.31,13.47,9.05,2.69,33.04,7.36,11.88,4.35,4.15,7.59,4.01,4.56,6.79,,26.3,6.7,17.1,,79.67,55.37,66463,
Virginia,2021,1.38,42.71,73.26,16.12,102.8,2.97,44.96,45.47,10.78,33.45,10.98,9.49,65.36,459.7,,15.56,173.1,750.4,120.3,221.1,73.55,205.9,410.9,38.62,114.6,68.59,28.1,215.9,2437,,11.25,4.05,10.24,7.46,2.15,24.8,4.58,9.04,4.05,3.42,6.25,2.96,3.3,5.3,,30.5,10.7,22.2,167.2,79.55,51.03,66838,12.4
Virginia,2022,1.34,41.43,72.21,16.13,100.6,2.72,44.51,46.09,9.59,36.71,10.81,8.89,64.99,456,,15.6,183,808.8,128.2,238.3,72.29,219.6,437.4,40.21,129.7,69.71,28.97,230,2602,,11.6,4.42,11.2,7.95,2.37,26.6,4.93,9.49,4.28,3.53,6.45,3.26,3.54,5.71,,31.8,9.8,24.8,159.2,79.07,52.02,69021,12.1
Virginia,2023,1.34,42.79,73.49,16.34,102.5,2.89,44.63,47.3,10.3,38.59,10.88,9.83,65.49,466.3,,16.09,194,844.3,133.4,248.9,78.53,226.4,462.1,43.69,141.5,72.89,31.75,239.1,2733,,12.05,4.53,11.49,8.16,2.43,27.17,5.07,9.77,4.28,3.67,6.7,3.23,3.65,5.86,,32.4,9.8,20.4,,79.07,53.34,72855,
Washington,2021,1.12,34.98,60.01,12.46,93,2.19,30.74,33.51,5.75,27.09,8.89,4.92,54.07,368.7,,12.73,143.6,622.4,101,211.8,54.73,200.1,305.8,28.88,93.72,56.11,19.36,206.7,2057,,11.37,4.11,10.37,8.11,2.28,25.04,6.51,9.13,3.88,3.46,6.31,3.93,3.82,5.58,,28.6,9.3,16.4,147.7,80.42,49.44,74181,10.8
Washington,2022,1.05,33.54,58.45,12.21,91.32,1.98,29.99,33.64,5.2,28.67,8.44,4.54,52.42,361.4,,13.26,145.5,642.8,105,222.4,52.81,205.5,319.5,27.33,110.3,59.27,19.92,219.4,2143,,12.64,4.34,11,8.6,2.44,26.62,6.85,9.5,4.43,3.85,7.02,4.39,4.18,5.93,,28.2,8.5,18.9,142.7,80.21,50.63,75345,10
Washington,2023,1.05,34.69,59.57,12.42,92.91,2.13,30.12,34.79,5.59,30.25,8.53,5.08,53.58,370.7,,13.67,154.2,671.1,108.9,232.6,57.36,214.8,337.6,29.53,120.2,61.91,21.88,228.9,2253,,13.05,4.45,11.27,8.77,2.5,26.99,7.13,9.7,4.48,3.97,7.26,4.31,4.27,6.08,,28.0,7.8,17.5,,80.21,51.32,79659,
West Virginia,2021,1.41,44.11,75.66,17.83,127,2.64,37.44,40.47,10.57,34.17,11.21,10.24,73.06,485.8,,14.20,164.90,714.60,121.10,207.80,65.24,138.10,364.50,34.33,104.50,62.58,26.54,175.70,2194.00,,10.05,3.74,9.45,6.79,1.64,24.72,3.69,9.01,3.7,3.06,5.58,2.59,2.4,4.52,,37.8,15.1,28,223,74.79,33.3,49079,22
West Virginia,2022,1.4,43.26,75.4,17.64,129.5,2.45,36.45,41.61,9.47,38.18,11.24,9.6,74.14,490.4,,14.60,178.90,790.50,126.70,226.90,67.83,151.30,410.40,33.25,121.30,65.23,27.02,190.80,2405.00,,10.44,4.14,10.48,7.18,1.75,27.64,4.15,9.86,4.31,3.18,5.8,2.81,2.57,4.9,,39.7,13.0,29.5,209.5,74.26,35.41,50024,21
West Virginia,2023,1.39,44.2,75.9,17.87,130.2,2.58,36.58,42.22,10.07,40.04,11.29,10.52,73.17,496.1,,14.93,186.40,811.40,131.90,236.80,72.81,155.30,428.40,35.85,131.30,67.62,29.22,196.00,2498.00,,10.77,4.22,10.69,7.38,1.82,28.22,4.25,10.15,4.37,3.28,5.99,2.78,2.68,5.04,,39.6,13.1,27.4,,74.26,37.32,52585,
Wisconsin,2021,1.08,30.89,52.99,12.84,97.13,2.1,31.98,32.25,7.24,26.04,8.54,5.14,53.39,361.6,,11.05,119.20,516.70,96.60,189.60,50.34,150.30,281.30,28.72,81.36,48.71,16.26,153.8,1744,,10.27,3.86,9.75,7.52,1.95,23.93,4.7,8.72,4.26,3.13,5.7,3.16,2.88,4.82,,31.7,9.5,20.3,171.7,79.46,46.24,60383,13.3
Wisconsin,2022,1.09,30.19,52.62,12.74,98.52,1.9,31.47,32.23,6.55,29.79,8.77,4.69,53.85,364.4,,11.92,128.50,567.90,105.70,205.90,50.14,159.70,303.40,27.97,99.05,53.25,16.53,166.8,1897,,10.92,4.26,10.79,8.29,2.09,26.38,5.08,9.41,4.47,3.33,6.07,3.53,3.1,5.21,,34.3,7.4,22.3,166.6,78.87,46.94,61496,14.3
Wisconsin,2023,1.08,31.08,53.37,12.92,100.3,2.04,31.78,33.33,7.06,31.28,8.82,5.18,53.89,372.1,,12.25,135.80,591.00,109.90,215.20,54.34,166.80,319.80,30.00,107.80,55.51,18.04,173.5,1990,,11.32,4.37,11.07,8.51,2.15,26.68,5.25,9.6,4.49,3.45,6.3,3.48,3.22,5.35,,32.7,7.6,19.8,,78.87,47.43,63963,
Wyoming,2021,1.36,44.36,76.1,16.86,128.7,2.96,38.38,45.43,9.71,32.8,10.76,7.91,76.22,491.5,,14.56,163.90,710.30,130.20,267.50,75.89,210.40,424.10,42.21,107.2,64.16,26.94,226.4,2464,,10.73,3.7,9.33,7.72,2.08,25.61,5.48,9.33,8.06,3.27,5.96,3.41,2.97,5.01,,29.2,9.0,23.1,159.4,78.91,41.9,70515,16.4
Wyoming,2022,1.31,43.69,76.14,16.92,131.6,2.77,36.51,46.97,9.05,35.79,10.54,7.5,74.5,493.3,,14.95,168.10,743.00,135.40,286.50,74.53,222.60,450.90,41.17,124.3,66.82,27.85,242.5,2599,,11.41,3.85,9.76,8,2.18,26.91,6.1,9.6,8.65,3.47,6.34,3.71,3.26,5.27,,29.6,6.8,24,157.1,78.08,43.72,73216,15.5
Wyoming,2023,1.28,44.4,76.26,17.04,131.8,2.9,36.28,47.37,9.56,36.99,10.43,8.21,74.04,496.6,,15.10,174.70,760.20,139.90,294.90,79.03,227.70,465.10,43.58,132.8,68.39,29.97,246.1,2677,,11.79,3.93,9.97,8.21,2.24,27.3,6.28,9.82,8.7,3.59,6.56,3.65,3.32,5.39,,30.6,7.5,21.6,,78.08,44.94,77837,